Name,Age,Gender,City,Department,Salary,Experience,Rating,Projects_Completed,Satisfaction_Score,Education,Overtime_Hours,Bonus,Leaves_Taken,Performance
Person_1,56,Male,Karachi,Sales,50963,28,1.1,19,8.3,Intermediate,20,48924,22,Excellent
Person_2,46,Male,Islamabad,Engineering,126757,21,1.3,38,3.3,Masters,24,16709,14,Excellent
Person_3,32,Male,Quetta,HR,195515,4,4.6,3,3.2,Matric,19,9726,0,Good
Person_4,60,Male,Karachi,Engineering,124259,29,1.6,5,4.6,Bachelors,21,40542,20,Average
Person_5,25,Male,Lahore,Sales,64063,22,3.1,13,9.1,PhD,20,20245,24,Good
Person_6,38,Female,Peshawar,IT,139225,1,2.6,47,1.0,Bachelors,32,34753,6,Good
Person_7,56,Male,Karachi,Finance,141400,29,2.4,46,9.1,Masters,37,14252,22,Average
Person_8,36,Male,Karachi,HR,105818,26,4.6,31,2.4,PhD,14,21316,26,Good
Person_9,40,Male,Islamabad,Finance,29703,20,1.1,16,9.9,Bachelors,14,37371,12,Poor
Person_10,28,Female,Quetta,Sales,97099,21,3.7,32,9.6,Masters,24,19162,11,Poor
Person_11,28,Female,Peshawar,HR,181921,5,4.9,22,5.5,Matric,20,15960,17,Excellent
Person_12,41,Male,Lahore,Engineering,187932,14,3.2,29,5.6,Masters,23,30791,23,Average
Person_13,53,Female,Peshawar,Marketing,56585,20,4.7,22,5.3,PhD,4,42230,18,Good
Person_14,57,Male,Lahore,Finance,178087,9,1.2,43,6.7,Intermediate,5,25216,14,Poor
Person_15,41,Male,Quetta,HR,68585,22,2.7,3,1.8,Matric,22,32467,7,Good
Person_16,20,Female,Lahore,Finance,51958,25,2.0,10,1.3,Bachelors,3,46934,18,Poor
Person_17,39,Male,Islamabad,HR,51017,23,3.9,42,1.5,PhD,26,7754,9,Average
Person_18,19,Female,Islamabad,IT,149677,6,4.9,21,5.0,Intermediate,17,47014,6,Good
Person_19,41,Female,Islamabad,Engineering,168273,4,2.0,16,3.5,Masters,20,4078,17,Good
Person_20,61,Male,Islamabad,Finance,54426,0,3.6,12,6.6,Intermediate,27,12853,15,Poor
Person_21,47,Male,Peshawar,Marketing,42778,12,1.8,2,9.9,PhD,34,4042,19,Poor
Person_22,55,Female,Quetta,Marketing,67229,20,3.3,41,4.5,PhD,21,49052,26,Excellent
Person_23,19,Male,Lahore,Sales,111652,25,2.9,24,6.2,Intermediate,39,14389,5,Average
Person_24,38,Male,Lahore,HR,153267,17,4.9,35,4.7,Masters,22,30425,26,Good
Person_25,50,Male,Islamabad,Finance,151503,12,3.4,30,8.6,Intermediate,2,2575,8,Excellent
Person_26,29,Female,Islamabad,Sales,109878,20,2.4,30,9.1,PhD,39,39522,20,Good
Person_27,39,Female,Karachi,Finance,82056,20,1.5,47,8.9,PhD,9,28179,12,Good
Person_28,61,Male,Quetta,HR,183562,17,1.6,35,9.8,Bachelors,24,34754,24,Average
Person_29,42,Female,Peshawar,Marketing,44975,4,1.9,19,1.2,Bachelors,7,18624,20,Good
Person_30,44,Female,Lahore,IT,182795,12,2.0,8,8.6,Matric,10,20350,25,Average
Person_31,59,Female,Karachi,Marketing,179351,3,4.4,26,7.8,PhD,4,26681,7,Excellent
Person_32,45,Female,Karachi,Sales,167633,16,3.2,49,3.1,Bachelors,36,23988,15,Good
Person_33,33,Female,Lahore,Engineering,113397,2,3.1,40,9.6,Intermediate,37,15470,12,Good
Person_34,32,Male,Peshawar,IT,58142,16,1.5,7,2.3,Masters,28,24704,12,Good
Person_35,64,Male,Karachi,Sales,51916,27,4.4,30,7.1,Intermediate,4,38736,16,Excellent
Person_36,61,Male,Karachi,HR,89324,10,3.9,7,3.0,Masters,8,29377,22,Excellent
Person_37,20,Female,Quetta,IT,150932,20,1.3,3,4.9,Bachelors,1,28572,19,Average
Person_38,54,Female,Peshawar,Sales,160720,19,3.8,1,7.5,Matric,0,7493,4,Good
Person_39,24,Male,Karachi,HR,191205,22,3.2,36,6.1,Intermediate,39,4103,21,Good
Person_40,38,Female,Peshawar,Marketing,121059,20,1.3,25,4.8,Intermediate,29,34844,20,Good
Person_41,26,Male,Lahore,Engineering,123317,25,2.8,37,3.9,Intermediate,10,2994,27,Poor
Person_42,56,Male,Islamabad,HR,60046,29,2.9,1,8.6,Masters,27,3744,16,Poor
Person_43,35,Male,Karachi,Finance,126459,3,1.7,15,2.3,Bachelors,11,47234,27,Good
Person_44,21,Female,Quetta,HR,70893,1,4.8,37,4.9,Intermediate,38,47291,8,Good
Person_45,42,Female,Lahore,HR,126520,19,4.4,13,9.1,Intermediate,25,27332,1,Excellent
Person_46,31,Male,Peshawar,Engineering,150818,15,3.7,40,8.6,Matric,12,5594,24,Poor
Person_47,26,Male,Lahore,Finance,86272,27,2.8,8,4.6,Matric,7,40299,25,Excellent
Person_48,43,Male,Karachi,Sales,92649,17,2.6,5,7.9,Bachelors,27,7371,17,Good
Person_49,19,Male,Peshawar,Sales,89674,7,3.6,9,8.4,Bachelors,29,47315,8,Good
Person_50,37,Female,Islamabad,HR,169832,2,3.2,1,9.0,PhD,8,18028,5,Good
Person_51,45,Female,Lahore,Finance,177999,8,1.2,36,5.9,Matric,38,35912,10,Excellent
Person_52,64,Male,Karachi,Finance,111475,28,3.1,35,2.8,PhD,30,13990,24,Average
Person_53,24,Male,Quetta,Engineering,86367,19,4.2,2,3.3,Masters,20,46851,28,Excellent
Person_54,61,Female,Peshawar,Marketing,168660,28,2.8,40,3.7,PhD,33,16626,5,Average
Person_55,25,Female,Lahore,Sales,146750,5,1.2,23,6.3,Intermediate,30,20469,5,Excellent
Person_56,64,Male,Lahore,Engineering,143154,9,4.1,9,1.3,PhD,24,40722,12,Excellent
Person_57,52,Male,Islamabad,IT,69738,20,1.8,34,6.7,Bachelors,11,40037,10,Poor
Person_58,31,Male,Islamabad,Sales,58397,9,2.0,46,4.3,Masters,0,7130,13,Excellent
Person_59,34,Female,Quetta,Engineering,107189,12,1.7,14,3.7,Intermediate,21,6828,1,Average
Person_60,53,Female,Quetta,Sales,101367,16,2.3,4,8.9,PhD,39,41612,7,Good
Person_61,57,Female,Karachi,Marketing,145585,8,4.0,30,5.1,Masters,36,46988,2,Excellent
Person_62,21,Male,Karachi,IT,101619,16,3.1,31,1.9,Masters,0,39099,22,Poor
Person_63,19,Male,Quetta,Marketing,136453,23,1.8,38,8.4,Intermediate,0,46165,20,Good
Person_64,23,Female,Quetta,IT,44816,8,4.5,11,1.4,PhD,20,17883,2,Poor
Person_65,59,Female,Peshawar,HR,198312,8,4.5,35,7.5,Masters,14,43059,0,Excellent
Person_66,21,Male,Islamabad,Engineering,162348,0,4.5,8,8.0,Masters,16,18542,23,Poor
Person_67,46,Female,Karachi,IT,104530,1,2.0,3,4.2,Matric,21,42932,18,Excellent
Person_68,35,Female,Islamabad,Marketing,179571,27,2.8,14,8.4,Masters,37,10450,17,Good
Person_69,43,Male,Islamabad,Sales,133856,15,4.9,13,5.6,Matric,34,20423,16,Average
Person_70,61,Female,Quetta,IT,96635,28,4.1,45,5.2,PhD,15,2035,19,Poor
Person_71,51,Male,Peshawar,Engineering,132803,0,1.1,32,1.4,PhD,7,44231,28,Poor
Person_72,27,Male,Lahore,IT,60946,9,1.3,34,3.6,PhD,16,40745,23,Average
Person_73,53,Male,Peshawar,Finance,80204,17,2.9,45,9.4,Bachelors,16,17241,12,Poor
Person_74,31,Male,Peshawar,Sales,40563,25,4.6,19,4.5,PhD,25,23154,2,Excellent
Person_75,48,Male,Islamabad,Engineering,117324,27,3.2,38,5.9,Masters,12,25625,29,Good
Person_76,32,Male,Peshawar,Engineering,34847,7,3.0,16,5.8,Intermediate,16,44950,0,Good
Person_77,25,Male,Karachi,HR,51155,20,1.4,2,6.3,Matric,37,33066,3,Good
Person_78,31,Female,Islamabad,Marketing,104671,27,3.6,40,1.6,Bachelors,16,33691,24,Good
Person_79,40,Male,Karachi,HR,141891,10,4.3,17,4.3,PhD,13,13331,12,Good
Person_80,57,Male,Lahore,Engineering,108310,22,2.5,34,7.5,PhD,5,20690,16,Excellent
Person_81,38,Female,Islamabad,Sales,174381,1,4.1,42,2.8,Intermediate,34,19183,27,Average
Person_82,33,Female,Lahore,IT,156691,7,4.9,16,2.8,Intermediate,13,39346,29,Excellent
Person_83,62,Female,Islamabad,IT,59707,26,1.8,38,1.1,Bachelors,7,4875,10,Good
Person_84,35,Male,Quetta,Sales,176409,21,3.1,2,4.9,Matric,14,12254,1,Good
Person_85,64,Female,Peshawar,Engineering,106537,7,2.1,2,8.9,PhD,26,28621,24,Average
Person_86,41,Male,Quetta,IT,116155,16,4.2,26,1.5,Bachelors,12,10905,15,Average
Person_87,43,Male,Lahore,IT,25281,14,3.3,13,2.7,Masters,30,46121,1,Average
Person_88,42,Male,Peshawar,IT,183492,16,3.5,47,3.8,Masters,34,15882,28,Excellent
Person_89,62,Male,Islamabad,Marketing,195102,27,4.2,31,7.6,Bachelors,5,19041,18,Good
Person_90,58,Female,Peshawar,Marketing,157130,22,2.6,34,6.8,PhD,4,29098,22,Excellent
Person_91,46,Female,Karachi,Finance,101260,23,4.7,39,4.7,Bachelors,21,42431,18,Good
Person_92,32,Male,Peshawar,HR,184476,12,3.1,3,7.8,PhD,22,33709,24,Good
Person_93,62,Male,Karachi,Sales,185928,18,1.6,8,6.5,Intermediate,24,34675,15,Excellent
Person_94,18,Male,Peshawar,Sales,165272,4,3.8,23,9.1,Bachelors,33,4837,21,Good
Person_95,42,Female,Karachi,Sales,89178,11,4.2,14,8.4,PhD,25,46448,18,Poor
Person_96,24,Male,Lahore,Finance,58997,0,2.3,27,3.3,Bachelors,4,24489,8,Poor
Person_97,26,Male,Quetta,Marketing,181683,22,4.4,29,3.4,Bachelors,25,17627,0,Good
Person_98,41,Female,Islamabad,Engineering,144273,4,4.6,39,2.1,PhD,19,5696,9,Excellent
Person_99,18,Female,Peshawar,Engineering,197307,7,2.1,39,4.0,PhD,5,48994,18,Excellent
Person_100,61,Male,Quetta,Finance,191129,12,4.9,1,10.0,Matric,5,13543,0,Good
Person_101,25,Female,Islamabad,Engineering,157311,7,1.6,17,4.7,Bachelors,17,12615,1,Poor
Person_102,41,Female,Islamabad,Sales,151945,24,1.8,41,3.0,Masters,3,1466,15,Excellent
Person_103,28,Male,Karachi,HR,70272,22,1.7,30,7.9,Bachelors,16,30771,11,Average
Person_104,34,Female,Lahore,IT,114393,10,4.6,13,5.9,Bachelors,13,18350,7,Excellent
Person_105,25,Male,Lahore,Marketing,86212,0,3.6,21,2.3,PhD,13,375,22,Poor
Person_106,52,Female,Quetta,Marketing,171470,12,1.6,19,4.4,Bachelors,12,33030,17,Good
Person_107,52,Male,Lahore,Finance,145030,18,2.8,19,4.7,Bachelors,6,20746,1,Average
Person_108,50,Male,Peshawar,Marketing,81503,23,3.5,25,7.8,Masters,14,22886,24,Good
Person_109,22,Male,Lahore,Sales,162710,2,1.3,22,1.2,PhD,18,44348,28,Average
Person_110,59,Female,Quetta,Engineering,31570,23,4.5,31,3.4,Bachelors,34,42904,12,Excellent
Person_111,56,Male,Lahore,Sales,93785,16,4.2,17,5.7,Intermediate,16,32651,5,Excellent
Person_112,58,Female,Peshawar,Finance,34110,4,3.0,23,3.4,Matric,34,7833,20,Poor
Person_113,45,Male,Karachi,Sales,104141,19,4.9,32,6.7,Masters,18,1893,25,Poor
Person_114,24,Male,Quetta,Engineering,37115,20,2.7,10,5.3,Bachelors,19,30573,5,Poor
Person_115,26,Female,Karachi,HR,64062,7,4.9,10,4.3,Intermediate,35,31371,8,Average
Person_116,25,Male,Karachi,Finance,47911,25,3.7,36,9.5,Bachelors,34,40874,15,Average
Person_117,29,Male,Karachi,HR,129061,13,3.5,8,6.7,Bachelors,31,11826,10,Excellent
Person_118,51,Female,Islamabad,IT,57556,3,1.7,20,2.2,PhD,39,34420,6,Good
Person_119,50,Male,Islamabad,HR,153335,10,4.5,32,6.0,PhD,23,21924,9,Good
Person_120,40,Male,Karachi,IT,26969,19,2.7,14,8.0,PhD,16,33367,9,Average
Person_121,41,Male,Quetta,IT,68753,14,1.6,28,7.4,Intermediate,6,21199,29,Good
Person_122,54,Male,Peshawar,HR,160542,18,1.1,46,2.5,Bachelors,0,25868,24,Excellent
Person_123,52,Female,Peshawar,Finance,146863,6,3.2,24,9.8,Matric,34,8792,19,Average
Person_124,61,Female,Lahore,Engineering,35225,18,3.1,15,5.0,Masters,31,20597,17,Average
Person_125,57,Male,Quetta,Sales,148008,27,3.9,22,2.4,PhD,35,36405,27,Good
Person_126,39,Female,Islamabad,Sales,179268,18,4.6,30,2.6,PhD,12,32696,23,Excellent
Person_127,44,Male,Karachi,Engineering,130823,10,1.3,4,1.9,Bachelors,5,43123,19,Excellent
Person_128,52,Female,Lahore,IT,38669,25,3.9,13,8.2,Bachelors,13,15989,28,Good
Person_129,18,Male,Peshawar,IT,193452,4,1.7,23,2.1,Intermediate,36,28931,8,Good
Person_130,52,Male,Islamabad,Finance,149398,4,4.4,8,2.1,Intermediate,14,9290,14,Average
Person_131,54,Male,Islamabad,Marketing,135677,29,4.3,18,8.7,PhD,3,38367,3,Average
Person_132,64,Male,Karachi,HR,73320,21,3.2,12,4.1,Bachelors,39,14342,7,Average
Person_133,31,Male,Peshawar,IT,171649,7,3.8,31,1.3,Matric,15,24941,8,Good
Person_134,20,Male,Quetta,Sales,150354,9,2.3,14,1.5,Masters,27,13945,12,Average
Person_135,18,Female,Islamabad,Finance,113009,5,2.9,34,2.3,Bachelors,15,10762,8,Good
Person_136,22,Male,Karachi,HR,53625,14,4.3,18,2.9,Bachelors,3,30133,25,Good
Person_137,43,Female,Quetta,Finance,49089,15,2.8,34,7.0,Intermediate,25,47080,3,Average
Person_138,31,Male,Peshawar,HR,61487,27,2.4,11,2.4,Masters,27,40150,16,Excellent
Person_139,56,Female,Islamabad,HR,135448,16,3.0,41,2.1,PhD,31,27052,15,Excellent
Person_140,44,Female,Quetta,Engineering,75138,7,4.3,12,7.9,Bachelors,1,41750,14,Poor
Person_141,26,Female,Quetta,IT,198895,7,2.3,49,7.0,PhD,30,19953,2,Good
Person_142,32,Male,Quetta,Finance,193280,24,1.7,15,4.9,Bachelors,2,40475,24,Average
Person_143,32,Male,Islamabad,Finance,79061,8,3.8,31,5.9,PhD,7,17130,19,Excellent
Person_144,43,Female,Islamabad,Engineering,186731,1,4.3,49,3.8,Masters,23,31086,4,Average
Person_145,59,Male,Lahore,Sales,126376,14,1.4,29,5.3,Intermediate,14,4633,22,Good
Person_146,30,Female,Peshawar,Sales,187962,17,2.0,26,5.6,Masters,30,17304,4,Excellent
Person_147,49,Male,Karachi,IT,104134,2,1.6,18,4.5,Matric,8,42037,19,Average
Person_148,56,Female,Quetta,IT,72055,16,2.4,32,9.2,Intermediate,38,32284,14,Good
Person_149,49,Female,Lahore,Marketing,44508,3,2.8,22,1.1,Masters,1,46546,17,Good
Person_150,21,Male,Karachi,Engineering,198359,29,4.0,38,8.0,Matric,7,7008,14,Excellent
Person_151,47,Female,Lahore,Sales,183056,3,3.6,17,2.1,Bachelors,6,48291,1,Excellent
Person_152,54,Male,Islamabad,HR,135169,13,3.5,23,8.2,Bachelors,38,27405,28,Good
Person_153,40,Female,Quetta,Finance,33125,8,2.4,24,6.5,PhD,15,36386,12,Excellent
Person_154,56,Female,Karachi,IT,61059,8,4.4,8,8.6,Intermediate,34,25373,3,Poor
Person_155,62,Male,Karachi,Finance,128409,24,2.9,41,1.9,Bachelors,29,20827,9,Excellent
Person_156,32,Male,Karachi,Finance,173159,25,4.9,6,6.0,Intermediate,9,33040,12,Good
Person_157,60,Male,Karachi,Marketing,30704,22,3.5,5,5.5,Bachelors,37,13007,9,Excellent
Person_158,46,Female,Karachi,Sales,136279,29,1.5,44,7.4,PhD,17,18157,28,Good
Person_159,53,Male,Lahore,IT,183280,17,3.7,29,5.8,Masters,4,32157,8,Poor
Person_160,30,Female,Quetta,Finance,143516,9,2.3,28,5.9,PhD,28,35315,7,Excellent
Person_161,49,Female,Islamabad,IT,195954,20,3.7,11,4.9,Matric,38,35932,2,Poor
Person_162,24,Male,Islamabad,HR,181995,3,1.3,1,3.8,Bachelors,33,21164,15,Good
Person_163,39,Male,Islamabad,Marketing,139044,11,1.7,43,5.3,Matric,22,14414,13,Average
Person_164,45,Female,Islamabad,HR,54165,26,4.4,19,2.1,Matric,4,14327,8,Good
Person_165,19,Female,Lahore,IT,92203,7,1.9,9,9.7,Intermediate,29,48344,29,Poor
Person_166,59,Male,Peshawar,IT,29114,1,4.3,27,7.4,Bachelors,5,946,20,Average
Person_167,62,Male,Quetta,Sales,61321,21,2.1,34,9.6,Matric,3,14693,10,Good
Person_168,23,Male,Karachi,Finance,98297,12,3.6,44,3.0,Masters,28,27241,2,Excellent
Person_169,45,Male,Peshawar,Finance,121652,20,3.8,4,8.9,Matric,22,49658,4,Excellent
Person_170,45,Male,Islamabad,HR,124304,15,3.1,36,8.3,Masters,5,30254,28,Poor
Person_171,61,Female,Peshawar,Marketing,181498,27,2.2,18,7.1,Intermediate,31,15540,9,Good
Person_172,61,Female,Quetta,Engineering,42772,1,1.9,15,6.6,Matric,17,6719,12,Good
Person_173,37,Female,Karachi,Finance,128754,10,1.1,13,3.8,PhD,14,41203,3,Average
Person_174,47,Female,Karachi,Sales,28712,9,2.2,19,8.3,Intermediate,39,25081,23,Good
Person_175,28,Male,Quetta,HR,157439,14,3.6,49,5.5,Masters,31,11350,12,Poor
Person_176,45,Male,Quetta,HR,140142,16,4.8,6,1.6,Intermediate,8,36358,11,Average
Person_177,42,Male,Islamabad,Engineering,116736,7,4.5,48,3.8,Matric,36,32021,4,Average
Person_178,56,Female,Karachi,Sales,76924,17,4.1,12,9.4,Bachelors,9,42832,9,Poor
Person_179,50,Female,Peshawar,Marketing,28726,22,4.2,37,8.7,Bachelors,19,28369,27,Excellent
Person_180,18,Male,Lahore,Sales,114152,8,3.7,17,9.8,Masters,5,31728,23,Good
Person_181,44,Male,Lahore,Marketing,52723,24,2.0,23,6.7,Masters,2,17576,8,Good
Person_182,30,Female,Quetta,Sales,151969,7,4.6,26,3.2,Bachelors,10,29001,19,Good
Person_183,58,Female,Islamabad,Sales,125494,26,3.7,29,2.5,Masters,16,17848,6,Average
Person_184,20,Male,Lahore,IT,165180,13,3.2,33,2.7,Intermediate,31,390,1,Poor
Person_185,56,Male,Karachi,HR,60643,27,1.4,27,1.2,PhD,3,21999,21,Good
Person_186,23,Female,Quetta,Sales,187396,25,2.8,25,4.5,PhD,3,45436,23,Good
Person_187,25,Male,Peshawar,Engineering,128896,24,2.8,10,2.7,Intermediate,16,11569,27,Poor
Person_188,44,Male,Quetta,Sales,164999,17,4.5,47,4.7,PhD,18,13029,22,Good
Person_189,26,Male,Peshawar,Finance,118680,21,3.2,23,9.4,Matric,4,22490,6,Good
Person_190,54,Female,Quetta,HR,121546,19,2.5,21,4.9,Intermediate,31,45875,7,Good
Person_191,50,Female,Quetta,Finance,178515,29,4.9,21,8.9,Masters,21,35328,6,Poor
Person_192,59,Female,Quetta,HR,104973,19,1.4,43,6.4,Intermediate,5,5867,20,Average
Person_193,61,Female,Peshawar,Finance,88449,20,2.7,13,3.2,Bachelors,34,15284,22,Average
Person_194,41,Female,Peshawar,Sales,134834,11,1.2,37,4.2,Masters,21,33979,28,Average
Person_195,32,Female,Quetta,Sales,50537,18,4.0,33,1.8,Bachelors,0,9121,13,Good
Person_196,49,Female,Lahore,IT,102576,13,4.7,24,4.0,Masters,19,1539,25,Good
Person_197,49,Male,Islamabad,Engineering,132522,16,2.1,44,7.1,PhD,21,25488,18,Average
Person_198,41,Male,Islamabad,Finance,47612,23,4.4,11,1.6,Intermediate,10,17027,4,Good
Person_199,58,Male,Islamabad,Marketing,31471,20,2.2,17,2.8,Matric,12,8693,22,Average
Person_200,29,Male,Peshawar,IT,191703,2,4.6,4,4.4,Masters,2,8921,24,Poor
Person_201,56,Male,Peshawar,Finance,56348,25,4.0,47,9.8,Masters,8,10310,17,Average
Person_202,19,Male,Lahore,Finance,26177,29,4.2,25,8.1,Bachelors,11,45512,19,Average
Person_203,20,Male,Islamabad,IT,160832,22,1.1,30,7.6,PhD,22,30908,11,Average
Person_204,54,Female,Islamabad,Sales,57779,6,4.9,9,2.0,Bachelors,13,4386,22,Average
Person_205,34,Female,Quetta,Finance,46636,16,3.9,21,8.0,Bachelors,32,32263,16,Good
Person_206,19,Male,Peshawar,Sales,106889,11,2.2,20,8.1,PhD,17,28412,12,Excellent
Person_207,19,Male,Islamabad,IT,78551,8,4.3,19,6.4,Matric,8,17303,1,Good
Person_208,45,Female,Lahore,Sales,167628,14,2.1,19,9.9,Bachelors,22,12242,24,Average
Person_209,40,Male,Lahore,HR,183670,17,4.5,12,3.9,Bachelors,9,47025,12,Good
Person_210,54,Male,Islamabad,Marketing,167635,20,1.5,37,9.5,Masters,18,8947,25,Average
Person_211,49,Female,Peshawar,Finance,71819,12,3.8,42,9.2,PhD,4,46714,6,Good
Person_212,50,Male,Lahore,Engineering,98770,29,3.2,17,1.1,Intermediate,22,5930,27,Average
Person_213,18,Female,Quetta,Marketing,183038,20,1.4,37,5.1,Matric,29,38170,9,Excellent
Person_214,36,Male,Lahore,Sales,183059,29,2.0,48,9.8,Matric,24,48785,22,Average
Person_215,19,Female,Karachi,Finance,103714,7,1.0,39,1.9,PhD,27,507,5,Good
Person_216,61,Female,Karachi,Sales,49596,13,2.9,28,5.9,Masters,33,1436,2,Good
Person_217,43,Female,Peshawar,HR,189246,7,2.2,41,9.8,Masters,24,27151,25,Good
Person_218,49,Male,Islamabad,IT,89106,13,3.4,35,6.0,PhD,9,11618,2,Average
Person_219,23,Female,Peshawar,Finance,84182,6,2.2,47,2.7,Masters,13,8750,17,Good
Person_220,49,Male,Peshawar,HR,112163,22,2.2,48,6.2,Matric,29,16122,10,Good
Person_221,21,Male,Peshawar,HR,64310,11,4.0,18,2.8,Matric,24,7354,21,Poor
Person_222,28,Male,Peshawar,Finance,81088,10,1.2,14,5.7,Intermediate,13,44062,19,Average
Person_223,34,Male,Quetta,Sales,153803,21,4.6,35,1.7,PhD,34,30979,4,Poor
Person_224,55,Female,Quetta,Engineering,164978,21,4.4,44,6.4,Bachelors,33,20900,18,Good
Person_225,41,Female,Lahore,HR,61914,10,3.7,41,5.7,Bachelors,9,13840,21,Good
Person_226,22,Male,Karachi,Marketing,135350,24,3.4,7,7.7,Intermediate,34,37167,26,Poor
Person_227,51,Male,Peshawar,HR,70379,21,4.6,41,6.7,Intermediate,10,5037,27,Good
Person_228,23,Female,Lahore,Engineering,193722,27,1.7,13,5.9,Masters,10,28633,18,Average
Person_229,39,Male,Karachi,Sales,71413,28,1.3,18,7.2,Intermediate,20,24495,29,Good
Person_230,28,Female,Islamabad,Sales,162084,12,2.0,37,2.3,Intermediate,20,15848,14,Good
Person_231,33,Male,Quetta,Marketing,32151,17,4.2,13,6.4,Bachelors,21,36483,29,Excellent
Person_232,50,Male,Karachi,HR,82716,1,1.1,36,2.5,Masters,6,47645,15,Good
Person_233,26,Female,Islamabad,Sales,118747,28,3.3,31,9.3,Intermediate,16,7837,23,Excellent
Person_234,23,Male,Karachi,Engineering,192450,20,5.0,2,1.6,Intermediate,1,34069,8,Excellent
Person_235,33,Female,Quetta,Finance,198724,14,4.4,16,4.9,Masters,11,7370,3,Poor
Person_236,46,Male,Quetta,IT,169539,19,3.1,9,7.3,PhD,17,6411,14,Good
Person_237,20,Male,Lahore,IT,187082,26,1.3,9,5.1,Masters,10,39133,24,Average
Person_238,37,Male,Peshawar,IT,146999,17,4.3,38,1.8,Bachelors,15,30499,11,Average
Person_239,53,Female,Karachi,HR,139793,14,3.4,11,6.0,PhD,17,30225,22,Average
Person_240,36,Male,Karachi,Marketing,133177,18,1.5,22,6.8,Matric,34,48217,2,Excellent
Person_241,43,Male,Islamabad,Sales,37289,22,1.4,33,7.3,Masters,25,692,22,Average
Person_242,20,Male,Quetta,Finance,199668,23,4.6,36,4.4,Bachelors,15,28926,13,Average
Person_243,36,Male,Karachi,Engineering,179243,11,3.7,45,6.1,PhD,5,34246,16,Average
Person_244,37,Female,Quetta,Finance,111365,12,4.3,23,5.1,Masters,11,39164,18,Average
Person_245,49,Female,Karachi,Engineering,139014,21,4.5,45,7.0,Intermediate,12,8448,5,Poor
Person_246,24,Male,Lahore,HR,185806,10,3.3,45,6.3,Masters,3,43390,3,Average
Person_247,58,Female,Peshawar,IT,97588,4,3.1,34,5.7,Matric,38,49593,6,Good
Person_248,50,Male,Karachi,HR,88646,28,2.7,9,3.2,Masters,1,10073,29,Average
Person_249,57,Male,Quetta,Marketing,28654,0,2.3,24,1.0,PhD,25,35414,18,Excellent
Person_250,56,Male,Lahore,Marketing,43743,23,2.7,8,2.6,PhD,26,5209,16,Poor
Person_251,35,Female,Karachi,Engineering,73368,2,4.1,7,2.1,Masters,26,6533,24,Excellent
Person_252,57,Female,Islamabad,Sales,162513,21,3.4,36,5.0,PhD,14,21061,15,Good
Person_253,18,Female,Peshawar,Sales,144735,18,4.6,18,6.5,Intermediate,7,7211,14,Average
Person_254,28,Female,Karachi,Engineering,180683,22,2.8,3,2.9,Masters,6,9927,21,Average
Person_255,45,Female,Lahore,Marketing,144891,28,3.4,28,9.5,Intermediate,39,11927,7,Good
Person_256,42,Female,Islamabad,Marketing,132971,29,3.5,6,1.1,Intermediate,11,24594,18,Good
Person_257,40,Female,Lahore,Marketing,37149,6,3.4,44,8.0,Bachelors,12,9316,7,Poor
Person_258,48,Female,Lahore,HR,125102,11,3.8,44,6.6,Masters,16,12177,17,Good
Person_259,47,Female,Islamabad,Marketing,84189,14,1.9,21,4.4,PhD,16,10846,27,Poor
Person_260,59,Male,Lahore,Finance,177747,24,3.0,28,1.5,Intermediate,35,7933,15,Excellent
Person_261,52,Female,Islamabad,IT,96031,4,1.4,40,6.6,Bachelors,20,38244,19,Average
Person_262,24,Female,Karachi,Marketing,67668,14,2.5,1,4.5,Masters,7,46621,18,Average
Person_263,33,Female,Islamabad,Engineering,169745,7,3.0,36,9.4,Masters,4,40696,9,Excellent
Person_264,43,Female,Islamabad,IT,113204,9,3.6,21,5.9,Matric,25,2080,16,Good
Person_265,19,Female,Peshawar,HR,179741,25,4.8,43,9.5,Matric,15,6089,12,Excellent
Person_266,18,Female,Islamabad,Engineering,190140,15,3.4,35,3.0,Intermediate,35,26123,12,Average
Person_267,29,Female,Islamabad,IT,165507,7,4.0,13,7.5,Matric,27,7797,6,Good
Person_268,22,Female,Karachi,Engineering,62384,0,3.0,49,6.6,Intermediate,28,8346,26,Average
Person_269,54,Female,Peshawar,HR,106929,11,3.5,10,7.7,PhD,11,19878,9,Excellent
Person_270,49,Female,Quetta,Finance,152959,4,1.3,44,2.9,Intermediate,36,33672,1,Good
Person_271,26,Female,Karachi,HR,101153,2,2.0,47,7.0,Matric,29,17653,3,Excellent
Person_272,58,Male,Karachi,HR,100388,0,2.4,10,5.5,PhD,22,49556,24,Good
Person_273,52,Male,Quetta,Engineering,56401,3,2.9,46,7.7,Matric,15,42742,5,Average
Person_274,36,Female,Islamabad,Sales,144503,7,1.2,13,3.9,Intermediate,13,26140,23,Poor
Person_275,33,Female,Lahore,Marketing,152834,2,1.6,37,9.0,Bachelors,9,1184,17,Average
Person_276,20,Male,Peshawar,Marketing,59084,9,2.1,38,1.8,Masters,6,34493,22,Good
Person_277,37,Female,Lahore,Finance,135641,1,4.9,24,8.3,Matric,36,44148,5,Poor
Person_278,41,Male,Quetta,Finance,130111,10,2.3,2,8.8,Intermediate,28,24846,28,Average
Person_279,50,Male,Karachi,Marketing,192523,24,2.9,22,8.4,PhD,2,45825,29,Poor
Person_280,41,Male,Karachi,Sales,163299,9,1.8,17,5.6,Matric,14,22195,24,Good
Person_281,28,Male,Peshawar,Marketing,187982,20,3.4,36,4.9,Matric,35,5606,22,Good
Person_282,25,Male,Karachi,Sales,61041,13,2.1,14,10.0,Masters,18,3956,16,Excellent
Person_283,53,Female,Karachi,Finance,113920,6,1.8,10,3.1,Intermediate,12,16555,13,Average
Person_284,55,Male,Peshawar,IT,90681,26,3.1,35,5.9,Bachelors,20,24849,23,Excellent
Person_285,57,Female,Peshawar,Engineering,106571,26,1.0,25,7.0,PhD,36,18690,10,Good
Person_286,37,Female,Quetta,Finance,152556,1,1.0,3,7.3,Intermediate,26,48849,25,Good
Person_287,52,Male,Karachi,Finance,51160,8,1.9,47,2.8,PhD,28,26347,18,Average
Person_288,42,Male,Karachi,HR,42633,15,1.1,38,6.9,Matric,19,33189,29,Average
Person_289,52,Female,Quetta,HR,42014,12,1.4,17,8.4,Masters,24,38308,1,Excellent
Person_290,42,Male,Islamabad,HR,105532,8,2.4,12,1.5,Masters,5,25785,27,Good
Person_291,46,Male,Islamabad,Engineering,74104,19,4.2,24,9.2,Bachelors,35,49056,2,Average
Person_292,35,Female,Islamabad,HR,197693,3,3.3,29,1.3,Masters,1,32698,10,Poor
Person_293,63,Female,Quetta,Sales,102231,21,3.1,43,4.2,Matric,21,15966,5,Average
Person_294,35,Male,Karachi,Marketing,93388,9,2.2,25,1.1,Bachelors,31,31097,28,Poor
Person_295,19,Female,Quetta,IT,41014,25,4.7,36,1.7,Intermediate,15,15882,13,Average
Person_296,52,Male,Quetta,Finance,117578,25,2.6,26,9.2,Masters,17,4675,18,Average
Person_297,33,Male,Islamabad,Sales,189827,21,1.3,38,4.2,Bachelors,4,41850,25,Excellent
Person_298,58,Male,Lahore,IT,65390,11,3.5,1,4.8,Matric,35,13009,15,Average
Person_299,53,Female,Karachi,Sales,48711,16,1.5,20,2.9,PhD,29,27843,20,Average
Person_300,50,Female,Islamabad,Sales,116658,13,2.4,28,6.4,PhD,18,29793,21,Average
Person_301,21,Female,Lahore,Finance,82993,13,3.0,16,6.4,Matric,22,39516,23,Good
Person_302,50,Female,Lahore,Marketing,183285,24,4.5,47,4.3,Matric,33,38871,6,Good
Person_303,31,Female,Peshawar,HR,32421,1,3.0,17,4.0,PhD,12,17857,29,Good
Person_304,38,Male,Karachi,Engineering,42727,20,3.8,40,9.0,Bachelors,28,19627,26,Good
Person_305,37,Male,Lahore,Marketing,137418,24,5.0,28,4.4,PhD,35,18565,7,Excellent
Person_306,25,Male,Islamabad,Engineering,29358,19,1.5,12,5.4,Matric,21,26025,18,Average
Person_307,24,Male,Peshawar,Finance,90108,10,2.1,27,3.5,Masters,35,27832,19,Excellent
Person_308,20,Female,Karachi,Finance,119018,15,2.6,42,8.1,Intermediate,8,44116,15,Excellent
Person_309,34,Male,Quetta,Finance,149457,18,2.7,47,4.6,Masters,38,9782,21,Good
Person_310,50,Female,Islamabad,IT,188189,22,2.6,30,5.6,Masters,18,38650,26,Average
Person_311,29,Male,Lahore,Engineering,56910,5,4.6,41,3.3,Matric,37,22366,6,Good
Person_312,39,Female,Lahore,Marketing,151888,23,3.9,34,9.9,PhD,5,28557,8,Good
Person_313,39,Female,Islamabad,Marketing,80754,18,3.4,37,3.6,Bachelors,14,5798,12,Average
Person_314,63,Male,Lahore,Sales,134847,4,2.2,6,7.9,Masters,19,9627,0,Good
Person_315,47,Male,Peshawar,Sales,185443,25,4.3,7,4.8,PhD,8,41183,28,Poor
Person_316,55,Male,Karachi,Sales,63467,3,4.8,32,2.9,Bachelors,31,12466,7,Poor
Person_317,55,Male,Peshawar,Finance,173697,14,4.3,32,8.2,Masters,3,42614,23,Good
Person_318,62,Female,Lahore,Marketing,58893,28,1.0,25,4.0,Bachelors,17,12720,21,Good
Person_319,25,Male,Quetta,Engineering,101329,3,3.5,33,8.8,PhD,4,41913,3,Average
Person_320,44,Male,Karachi,Finance,56007,19,1.2,7,9.2,Intermediate,19,37292,2,Excellent
Person_321,44,Female,Karachi,IT,195604,9,2.0,12,8.7,PhD,22,6559,26,Good
Person_322,51,Male,Islamabad,Sales,79253,23,1.2,16,1.3,Matric,10,40388,2,Good
Person_323,38,Male,Islamabad,Finance,37323,21,3.4,16,8.1,Bachelors,36,19158,21,Poor
Person_324,47,Male,Quetta,Finance,136335,2,3.7,43,4.7,Intermediate,21,30916,12,Excellent
Person_325,50,Male,Karachi,IT,137356,25,1.5,36,8.9,Bachelors,3,22057,7,Average
Person_326,45,Male,Quetta,HR,135944,4,2.5,13,6.7,Bachelors,28,35892,6,Average
Person_327,64,Female,Islamabad,Marketing,170282,5,2.8,7,8.5,Masters,33,41439,26,Good
Person_328,50,Male,Islamabad,Engineering,41456,20,2.5,36,5.5,Matric,12,11706,0,Excellent
Person_329,22,Male,Karachi,HR,56367,21,1.5,47,5.8,Bachelors,8,12070,26,Poor
Person_330,36,Male,Peshawar,Sales,79624,7,2.7,9,2.3,PhD,30,40902,15,Good
Person_331,21,Male,Lahore,Finance,166178,6,4.0,32,8.1,PhD,6,924,5,Average
Person_332,52,Male,Islamabad,IT,93008,20,1.3,11,4.8,Masters,3,26478,6,Good
Person_333,34,Female,Islamabad,IT,150926,9,1.3,8,5.5,Matric,18,5506,11,Good
Person_334,61,Male,Peshawar,Marketing,140395,5,2.4,33,8.1,Matric,29,46418,22,Good
Person_335,45,Female,Peshawar,HR,141492,13,4.8,23,6.4,PhD,30,35163,8,Excellent
Person_336,47,Female,Quetta,Marketing,97240,3,3.7,25,2.8,Intermediate,34,24604,26,Excellent
Person_337,46,Male,Quetta,Finance,89315,27,3.7,8,6.3,Masters,20,15310,10,Average
Person_338,63,Male,Lahore,Marketing,35756,24,2.4,45,4.7,Masters,30,8226,9,Good
Person_339,23,Male,Lahore,Engineering,61378,12,3.4,22,5.2,PhD,18,11781,20,Excellent
Person_340,52,Male,Karachi,IT,160327,19,1.0,4,1.3,PhD,30,5515,0,Good
Person_341,58,Female,Quetta,IT,170556,16,3.5,40,2.9,Intermediate,31,36133,17,Average
Person_342,54,Male,Islamabad,Sales,150703,22,4.7,3,3.5,Intermediate,1,16972,3,Excellent
Person_343,41,Male,Quetta,Sales,81549,6,3.5,29,7.4,Matric,9,32092,4,Average
Person_344,46,Male,Islamabad,Finance,190575,3,4.5,41,1.1,Masters,1,11410,8,Excellent
Person_345,63,Male,Peshawar,Engineering,98794,28,3.9,29,4.7,Masters,1,19522,26,Excellent
Person_346,48,Male,Quetta,HR,70113,13,1.5,34,9.3,PhD,23,9095,16,Excellent
Person_347,52,Male,Peshawar,Marketing,99069,2,4.6,34,2.0,Matric,16,23047,2,Average
Person_348,50,Female,Lahore,Finance,161321,23,1.3,28,5.6,Masters,31,20470,15,Excellent
Person_349,38,Female,Lahore,Sales,175273,4,3.1,13,8.1,Matric,15,43129,4,Excellent
Person_350,49,Male,Karachi,Marketing,150541,15,1.6,15,9.5,Matric,15,8531,15,Good
Person_351,40,Male,Quetta,Sales,34686,25,1.0,23,7.7,PhD,38,37038,2,Average
Person_352,50,Male,Peshawar,Marketing,78363,22,2.7,44,7.5,Matric,30,22403,19,Good
Person_353,20,Female,Islamabad,HR,122543,19,2.2,26,8.4,Intermediate,23,42674,14,Good
Person_354,35,Male,Lahore,Finance,156733,3,2.9,4,5.0,Intermediate,0,29122,29,Excellent
Person_355,42,Female,Lahore,Marketing,120673,23,3.3,26,8.3,Bachelors,10,16940,2,Good
Person_356,59,Male,Islamabad,Engineering,67828,29,1.2,40,1.1,PhD,20,29831,19,Average
Person_357,48,Male,Peshawar,IT,73604,23,1.5,9,9.3,Bachelors,3,11279,13,Average
Person_358,20,Male,Peshawar,Engineering,35526,1,3.2,5,5.0,Intermediate,6,38220,15,Good
Person_359,57,Male,Quetta,Engineering,93910,29,2.4,32,6.0,Bachelors,25,6477,28,Good
Person_360,63,Female,Quetta,IT,50592,17,3.9,20,3.3,PhD,11,17400,28,Excellent
Person_361,41,Female,Karachi,Engineering,53982,18,3.6,11,7.7,PhD,30,6470,16,Good
Person_362,49,Male,Lahore,Marketing,25207,27,4.4,15,1.7,Matric,16,2062,27,Excellent
Person_363,64,Male,Quetta,Marketing,113733,27,3.8,32,8.9,Masters,32,41798,23,Average
Person_364,39,Female,Peshawar,Marketing,149982,18,2.7,28,8.5,Matric,10,19880,19,Poor
Person_365,40,Female,Islamabad,IT,93619,16,3.7,22,2.9,PhD,27,34581,22,Poor
Person_366,19,Female,Peshawar,Engineering,185400,13,2.1,41,8.3,Intermediate,31,44439,17,Poor
Person_367,44,Female,Lahore,IT,71479,18,2.2,17,8.1,Intermediate,0,14308,17,Average
Person_368,59,Male,Peshawar,Marketing,176175,21,4.2,26,6.7,Matric,27,26027,21,Average
Person_369,19,Female,Karachi,Engineering,195963,23,2.8,44,4.4,PhD,6,30720,13,Good
Person_370,43,Male,Lahore,Engineering,166826,12,4.2,7,3.4,Intermediate,1,35081,17,Average
Person_371,34,Female,Islamabad,Sales,106437,11,4.3,42,3.1,PhD,23,9706,14,Good
Person_372,57,Female,Karachi,Sales,123540,29,4.4,26,3.9,Intermediate,3,9837,14,Good
Person_373,50,Female,Lahore,HR,97982,25,4.7,25,9.1,PhD,18,38599,5,Average
Person_374,26,Female,Islamabad,Finance,127747,5,2.7,10,1.7,Bachelors,25,36824,26,Good
Person_375,60,Female,Karachi,Sales,73231,20,2.3,45,8.5,PhD,10,33073,14,Good
Person_376,56,Male,Karachi,IT,54301,3,3.3,19,4.1,PhD,39,47115,17,Poor
Person_377,46,Male,Lahore,Sales,197395,18,2.5,11,5.7,Matric,10,32088,3,Excellent
Person_378,59,Female,Quetta,HR,43752,15,3.4,13,8.2,Bachelors,2,28112,22,Good
Person_379,43,Female,Karachi,Engineering,123452,12,3.8,8,9.0,Masters,11,26299,7,Poor
Person_380,52,Male,Karachi,HR,169467,3,3.8,40,4.1,Matric,2,34457,14,Average
Person_381,42,Female,Islamabad,Engineering,146237,29,2.5,4,5.2,Masters,26,30063,2,Good
Person_382,41,Female,Peshawar,Engineering,81273,22,1.7,47,4.7,Intermediate,1,3917,29,Good
Person_383,30,Male,Lahore,Finance,116878,16,2.7,31,1.1,Masters,15,2936,14,Good
Person_384,24,Female,Lahore,Sales,29895,22,1.6,28,3.7,PhD,1,36630,12,Poor
Person_385,53,Female,Quetta,IT,144968,0,4.6,11,5.1,Masters,29,14506,8,Average
Person_386,62,Male,Quetta,IT,140700,17,2.4,43,4.7,Matric,19,28805,1,Good
Person_387,37,Male,Lahore,Marketing,101559,19,1.6,1,7.5,Matric,37,14318,23,Excellent
Person_388,18,Male,Quetta,Engineering,35699,16,1.1,49,4.5,Masters,27,48068,7,Excellent
Person_389,25,Female,Islamabad,IT,34715,26,3.6,47,5.4,Matric,24,26026,28,Poor
Person_390,63,Male,Lahore,Finance,44169,27,3.5,38,4.9,Matric,31,27672,29,Good
Person_391,33,Male,Quetta,Engineering,143413,26,2.4,24,7.7,Masters,9,38417,19,Average
Person_392,31,Male,Lahore,Finance,172235,14,1.3,47,8.8,Bachelors,39,27281,16,Excellent
Person_393,29,Male,Peshawar,IT,144264,10,2.6,31,5.8,Bachelors,32,48442,12,Average
Person_394,40,Male,Karachi,IT,30782,24,2.2,41,8.1,Intermediate,12,28091,0,Poor
Person_395,32,Male,Lahore,Marketing,149481,27,3.7,46,3.7,Matric,36,38328,1,Average
Person_396,45,Female,Karachi,IT,60585,21,3.4,26,5.9,Masters,15,48219,29,Excellent
Person_397,51,Female,Quetta,Engineering,55682,12,2.5,49,4.1,Matric,21,18610,14,Average
Person_398,19,Male,Karachi,Engineering,154992,0,1.9,5,4.7,PhD,19,1079,11,Average
Person_399,49,Male,Lahore,Engineering,109416,16,5.0,20,7.6,Matric,26,29850,13,Good
Person_400,40,Male,Peshawar,Marketing,152810,5,2.8,41,8.9,Matric,15,46751,24,Poor
Person_401,39,Female,Quetta,Marketing,63067,3,3.8,11,2.1,Bachelors,33,20590,28,Average
Person_402,42,Female,Lahore,IT,198757,19,1.6,33,6.7,Masters,31,30951,1,Poor
Person_403,39,Female,Quetta,HR,43073,15,2.9,38,6.2,Matric,25,15327,17,Average
Person_404,39,Female,Islamabad,HR,61035,14,1.1,27,2.1,Bachelors,24,12755,21,Excellent
Person_405,59,Female,Karachi,Marketing,115373,26,3.0,34,2.9,Intermediate,1,7235,6,Good
Person_406,23,Female,Islamabad,IT,108362,14,4.9,15,3.8,Bachelors,11,17197,28,Good
Person_407,32,Female,Lahore,HR,115517,5,2.5,32,2.5,Bachelors,39,21473,22,Poor
Person_408,60,Female,Peshawar,IT,90450,14,1.2,21,3.2,Bachelors,8,2031,28,Average
Person_409,54,Female,Quetta,IT,35382,13,1.1,46,3.4,Matric,11,41282,24,Average
Person_410,50,Male,Karachi,IT,160509,27,2.6,5,4.0,Matric,25,41863,5,Good
Person_411,25,Male,Quetta,Sales,86929,10,1.6,6,7.7,Intermediate,8,14287,13,Excellent
Person_412,61,Male,Lahore,Engineering,123864,6,1.1,38,6.1,PhD,9,38679,7,Average
Person_413,61,Male,Quetta,IT,168401,8,4.0,22,9.9,PhD,31,44463,26,Good
Person_414,22,Female,Karachi,Sales,50169,25,2.8,18,4.7,PhD,33,32230,21,Good
Person_415,56,Female,Lahore,Marketing,112468,15,2.2,14,7.8,Intermediate,19,19037,1,Average
Person_416,21,Male,Quetta,HR,59594,4,4.6,10,8.8,PhD,38,27052,16,Excellent
Person_417,23,Female,Peshawar,Engineering,70033,24,1.5,46,7.1,PhD,1,3340,4,Good
Person_418,62,Male,Lahore,HR,88133,19,4.8,13,4.7,Bachelors,0,40644,13,Good
Person_419,49,Female,Lahore,Engineering,98861,28,2.3,31,7.8,Matric,35,48664,24,Excellent
Person_420,47,Male,Peshawar,HR,56750,9,4.6,30,2.8,Matric,23,45203,23,Poor
Person_421,64,Female,Islamabad,Engineering,65461,17,3.4,3,3.9,Bachelors,26,1141,29,Good
Person_422,52,Female,Karachi,HR,103222,2,4.3,30,5.9,Bachelors,1,25425,28,Excellent
Person_423,57,Male,Islamabad,HR,137020,12,4.9,6,6.2,Bachelors,30,19281,19,Good
Person_424,33,Female,Quetta,HR,49226,10,2.2,29,1.2,Matric,13,42049,20,Average
Person_425,30,Male,Peshawar,HR,31721,16,4.8,8,9.5,PhD,1,20425,28,Good
Person_426,59,Male,Islamabad,Marketing,45609,29,2.6,44,7.3,Bachelors,28,34806,20,Average
Person_427,47,Male,Lahore,IT,155513,29,2.5,45,5.5,Intermediate,14,32113,21,Excellent
Person_428,36,Male,Quetta,Finance,129211,21,2.4,43,9.4,Bachelors,11,4270,2,Excellent
Person_429,34,Female,Quetta,Sales,161728,12,3.2,44,5.0,Masters,36,42814,4,Good
Person_430,36,Female,Islamabad,Finance,149865,5,1.6,33,9.8,Bachelors,27,4683,15,Average
Person_431,45,Female,Islamabad,Finance,99520,16,3.2,17,5.6,Matric,19,49646,17,Poor
Person_432,43,Male,Peshawar,Engineering,89309,26,3.2,48,2.0,Bachelors,38,39884,25,Excellent
Person_433,54,Female,Karachi,IT,54984,12,4.0,11,7.9,Masters,23,29809,16,Good
Person_434,43,Male,Islamabad,Engineering,143947,18,4.3,13,7.1,Intermediate,20,34552,10,Poor
Person_435,40,Female,Islamabad,IT,30901,20,2.8,11,8.0,PhD,9,3786,16,Good
Person_436,26,Female,Lahore,IT,187624,18,2.2,31,9.6,Bachelors,13,21650,15,Average
Person_437,29,Female,Quetta,HR,56055,9,2.0,28,8.0,Masters,36,28706,25,Excellent
Person_438,18,Male,Karachi,Marketing,193757,2,1.8,44,6.5,Masters,17,9190,22,Poor
Person_439,18,Female,Lahore,HR,170788,13,1.2,6,8.7,Intermediate,23,38196,1,Average
Person_440,64,Female,Peshawar,Marketing,139099,25,2.4,41,7.1,Matric,13,39449,3,Poor
Person_441,51,Male,Peshawar,Engineering,36138,18,2.1,16,4.7,Bachelors,33,39661,20,Average
Person_442,49,Female,Islamabad,Marketing,191370,4,4.9,4,9.0,Masters,11,29709,6,Good
Person_443,42,Male,Islamabad,Engineering,48429,28,3.2,35,3.0,Intermediate,21,45429,1,Poor
Person_444,57,Female,Peshawar,Finance,75200,4,2.4,48,7.4,PhD,5,14892,29,Good
Person_445,62,Male,Islamabad,Finance,126268,19,3.3,26,8.9,Masters,35,9643,5,Good
Person_446,18,Male,Karachi,Marketing,42347,16,1.6,12,7.6,Intermediate,35,9943,16,Average
Person_447,33,Female,Islamabad,Marketing,172992,20,2.8,11,7.3,Matric,21,43240,6,Average
Person_448,56,Male,Quetta,Engineering,56822,9,3.5,37,7.8,Matric,13,45760,24,Poor
Person_449,22,Male,Islamabad,HR,65108,4,3.0,25,5.2,Masters,15,21042,4,Good
Person_450,39,Male,Lahore,Engineering,153955,3,2.6,18,8.9,Masters,35,43894,4,Average
Person_451,46,Male,Karachi,HR,32967,5,5.0,19,2.8,Bachelors,24,6869,19,Average
Person_452,20,Male,Lahore,Finance,135719,25,4.5,23,2.1,Intermediate,31,40437,15,Excellent
Person_453,29,Male,Lahore,IT,36871,3,3.5,38,3.6,Masters,32,44306,18,Good
Person_454,43,Female,Quetta,Marketing,189685,29,3.3,18,5.8,Bachelors,35,42833,8,Good
Person_455,33,Male,Karachi,HR,53179,6,3.5,26,5.6,Bachelors,19,20918,4,Good
Person_456,54,Male,Karachi,Engineering,80099,6,1.8,6,8.4,Masters,17,28379,7,Poor
Person_457,39,Female,Karachi,Finance,60262,17,2.6,4,4.6,Matric,37,42939,8,Average
Person_458,46,Female,Karachi,HR,103213,2,1.2,44,5.4,Intermediate,2,25274,4,Average
Person_459,31,Female,Karachi,Engineering,142407,0,2.9,29,1.1,Intermediate,22,17696,9,Poor
Person_460,45,Female,Quetta,Marketing,174340,23,3.2,34,4.7,Matric,31,2962,24,Good
Person_461,22,Female,Islamabad,Marketing,111269,24,1.9,17,6.8,Masters,15,13851,1,Average
Person_462,64,Female,Lahore,Sales,85545,3,4.9,43,1.1,Intermediate,4,45747,8,Good
Person_463,47,Female,Karachi,IT,64922,5,4.6,43,3.5,Masters,3,5296,10,Poor
Person_464,63,Male,Islamabad,Sales,67913,8,3.9,16,2.9,Masters,20,14745,3,Excellent
Person_465,22,Male,Islamabad,Finance,122033,21,3.1,2,1.4,Bachelors,39,5730,21,Poor
Person_466,29,Female,Lahore,HR,129792,13,4.5,34,5.3,Matric,13,13921,21,Good
Person_467,33,Male,Quetta,Finance,144863,27,1.5,8,2.6,Masters,38,32894,21,Good
Person_468,43,Male,Peshawar,Engineering,181104,11,4.2,13,7.7,PhD,30,5602,1,Average
Person_469,43,Male,Peshawar,Marketing,193918,27,1.5,42,8.6,Matric,13,17575,22,Good
Person_470,38,Female,Islamabad,Sales,69936,24,4.2,8,5.9,Intermediate,5,19023,28,Average
Person_471,56,Female,Lahore,Sales,185866,19,2.1,30,9.8,Bachelors,11,45349,5,Good
Person_472,53,Male,Peshawar,Sales,53141,23,4.5,32,5.1,Intermediate,15,15997,26,Average
Person_473,50,Female,Islamabad,Finance,165146,24,4.8,36,5.6,Intermediate,16,17750,13,Good
Person_474,47,Male,Quetta,Marketing,162478,3,1.6,47,9.9,Matric,22,41979,0,Excellent
Person_475,54,Male,Peshawar,HR,122359,20,2.9,30,3.1,Intermediate,13,22837,17,Good
Person_476,40,Male,Islamabad,Engineering,148279,29,4.9,1,9.5,Masters,6,14997,6,Good
Person_477,27,Male,Islamabad,HR,179363,23,2.9,43,1.4,Intermediate,31,39439,0,Excellent
Person_478,22,Female,Karachi,Finance,66568,11,4.5,39,5.0,Bachelors,14,23067,0,Good
Person_479,53,Female,Quetta,Engineering,122539,9,3.4,17,1.6,Bachelors,16,45039,0,Good
Person_480,51,Female,Karachi,Sales,71851,29,2.5,20,7.6,PhD,33,20923,23,Excellent
Person_481,48,Male,Lahore,IT,79823,21,2.1,24,6.5,Bachelors,4,8876,3,Average
Person_482,27,Female,Karachi,Finance,48312,27,1.8,22,7.4,Intermediate,26,2887,3,Poor
Person_483,36,Male,Karachi,Finance,199180,6,4.0,29,4.4,Bachelors,22,42422,28,Excellent
Person_484,49,Female,Peshawar,Marketing,190243,2,2.5,22,4.3,Matric,39,36854,17,Average
Person_485,18,Male,Islamabad,HR,197851,22,3.0,44,1.4,Bachelors,13,36948,26,Average
Person_486,22,Male,Quetta,Finance,123723,27,3.0,9,4.1,Masters,14,2841,10,Good
Person_487,62,Male,Karachi,Finance,37411,13,3.3,37,9.4,Matric,32,28756,26,Average
Person_488,21,Female,Quetta,Sales,82009,23,4.5,10,4.4,PhD,30,6040,0,Good
Person_489,33,Female,Karachi,Sales,171494,9,4.9,36,8.5,Masters,34,10304,27,Good
Person_490,41,Female,Lahore,Engineering,198540,15,2.6,37,8.6,Intermediate,16,30341,9,Excellent
Person_491,33,Female,Karachi,IT,57371,15,4.3,28,4.4,Intermediate,27,4758,8,Average
Person_492,19,Male,Peshawar,Marketing,82022,21,4.1,28,6.7,Intermediate,18,17010,22,Average
Person_493,45,Female,Islamabad,IT,96229,9,3.3,42,1.9,Masters,22,31658,3,Excellent
Person_494,49,Female,Lahore,Engineering,124071,24,4.8,43,1.9,Masters,31,49002,27,Good
Person_495,44,Male,Karachi,Sales,121774,12,1.8,21,1.4,Masters,39,37782,5,Poor
Person_496,37,Male,Quetta,HR,51715,5,1.4,24,6.2,Matric,12,1375,29,Good
Person_497,41,Male,Lahore,Sales,52605,11,4.4,42,4.8,Matric,19,33949,15,Good
Person_498,29,Female,Lahore,Marketing,124853,8,2.8,40,5.9,Intermediate,34,22092,1,Poor
Person_499,52,Male,Karachi,Sales,56174,12,4.4,2,5.7,Bachelors,4,490,22,Average
Person_500,50,Male,Lahore,Marketing,166028,3,4.6,8,4.2,Intermediate,8,3729,17,Average
